{"parcels":[{"parcel_id":"P001","user_id":"1","pickup_location":"12.9716, 77.5946","drop_location":"13.0155, 77.5883","weight":"10.50","status":"Confirmed","created_at":"2025-02-24 12:10:55","driver_id":"1"},{"parcel_id":"P003","user_id":"1","pickup_location":"12.9346, 77.6266","drop_location":"12.9548, 77.5649","weight":"8.00","status":"Confirmed","created_at":"2025-02-24 12:10:55","driver_id":"1"},{"parcel_id":"P005","user_id":"1","pickup_location":"13.0223, 77.6341","drop_location":"12.9556, 77.5714","weight":"15.00","status":"Confirmed","created_at":"2025-02-24 12:10:55","driver_id":"1"},{"parcel_id":"P007","user_id":"1","pickup_location":"13.0554, 77.6433","drop_location":"12.9998, 77.5644","weight":"25.50","status":"Confirmed","created_at":"2025-02-24 12:10:55","driver_id":"1"},{"parcel_id":"P67bb5c45d2744","user_id":"6","pickup_location":"kadiri","drop_location":"chennai","weight":"60.00","status":"Confirmed","created_at":"2025-02-23 23:05:01","driver_id":null}],"trucks":[{"id":"1","driver_name":"John Doe","truck_number":"KA-01-AB-1234","capacity":"5000.00","availability":"Available","created_at":"2025-02-24 12:06:37","driver_id":null},{"id":"2","driver_name":"Jane Smith","truck_number":"KA-02-CD-5678","capacity":"7000.00","availability":"Available","created_at":"2025-02-24 12:06:37","driver_id":null},{"id":"3","driver_name":"Mike Johnson","truck_number":"KA-03-EF-9101","capacity":"6000.00","availability":"Available","created_at":"2025-02-24 12:06:37","driver_id":null}],"branches":[{"branch_id":"1","branch_name":"Branch A","latitude":"40.712776","longitude":"-74.005974","created_at":"2025-02-24 22:36:36"},{"branch_id":"2","branch_name":"Branch B","latitude":"34.052235","longitude":"-118.243683","created_at":"2025-02-24 22:36:36"},{"branch_id":"3","branch_name":"Branch C","latitude":"41.878113","longitude":"-87.629799","created_at":"2025-02-24 22:36:36"},{"branch_id":"4","branch_name":"Branch D","latitude":"29.760427","longitude":"-95.369804","created_at":"2025-02-24 22:36:36"},{"branch_id":"5","branch_name":"Branch E","latitude":"37.774929","longitude":"-122.419418","created_at":"2025-02-24 22:36:36"}]}